observation_date,SEXRSA
1990-01-01,58.885274469364
1990-02-01,60.961883083283
1990-03-01,62.952979796023
1990-04-01,65.457155581395
1990-05-01,66.553407816130
1990-06-01,67.423451408943
1990-07-01,67.577939577037
1990-08-01,67.853113652546
1990-09-01,67.511371559756
1990-10-01,67.254706904409
1990-11-01,66.931755227064
1990-12-01,66.773731452020
1991-01-01,66.256835200589
1991-02-01,65.609302425747
1991-03-01,65.131510750407
1991-04-01,65.451568630700
1991-05-01,65.751311125732
1991-06-01,66.070174048999
1991-07-01,66.248775116934
1991-08-01,66.341337880004
1991-09-01,66.407305375154
1991-10-01,66.165669897193
1991-11-01,66.177256304774
1991-12-01,66.083728662113
1992-01-01,66.321331647817
1992-02-01,66.482695063313
1992-03-01,66.812347404339
1992-04-01,67.241333033323
1992-05-01,67.296741432862
1992-06-01,67.317627731962
1992-07-01,67.319755183292
1992-08-01,67.112134412596
1992-09-01,66.897342775832
1992-10-01,67.429669153123
1992-11-01,67.591205597296
1992-12-01,67.850245183886
1993-01-01,68.208416828665
1993-02-01,68.645789676570
1993-03-01,68.787063585699
1993-04-01,68.288655411544
1993-05-01,67.864609421788
1993-06-01,67.577121222505
1993-07-01,67.546801682055
1993-08-01,68.009811346864
1993-09-01,68.723599504322
1993-10-01,69.151281628102
1993-11-01,69.658695032057
1993-12-01,69.902747984533
1994-01-01,70.566800317899
1994-02-01,70.408848403813
1994-03-01,70.383237843749
1994-04-01,70.655666476208
1994-05-01,71.222028390643
1994-06-01,71.406065554920
1994-07-01,71.484649800218
1994-08-01,71.368373776085
1994-09-01,71.471480782145
1994-10-01,71.696273430135
1994-11-01,72.002953152672
1994-12-01,72.120024671724
1995-01-01,72.504317045724
1995-02-01,72.003733763157
1995-03-01,71.962749773895
1995-04-01,71.551761126113
1995-05-01,71.567408419913
1995-06-01,71.434472711757
1995-07-01,71.975907073475
1995-08-01,72.338848080496
1995-09-01,72.608045933514
1995-10-01,72.804775887168
1995-11-01,72.956880774823
1995-12-01,73.237655425968
1996-01-01,73.173304737231
1996-02-01,73.278253223882
1996-03-01,73.735319238647
1996-04-01,73.923242839271
1996-05-01,73.903534322151
1996-06-01,74.005051336846
1996-07-01,73.993624311087
1996-08-01,74.451136536744
1996-09-01,74.281563901240
1996-10-01,74.680576665208
1996-11-01,74.724470264784
1996-12-01,75.150635124177
1997-01-01,75.726193409433
1997-02-01,76.333770986600
1997-03-01,76.865246412056
1997-04-01,77.861917477251
1997-05-01,78.779878836736
1997-06-01,79.652726318090
1997-07-01,80.667182269200
1997-08-01,81.108050608099
1997-09-01,81.692275554100
1997-10-01,82.055150835800
1997-11-01,82.768662702700
1997-12-01,83.670077102800
1998-01-01,84.482457247600
1998-02-01,85.652723235300
1998-03-01,86.302993243400
1998-04-01,87.002287999000
1998-05-01,87.576654022200
1998-06-01,88.383951129600
1998-07-01,89.157702900200
1998-08-01,89.767502988900
1998-09-01,90.479405272300
1998-10-01,91.138198000200
1998-11-01,91.820699553300
1998-12-01,92.134114167200
1999-01-01,92.713435500500
1999-02-01,93.096747256100
1999-03-01,93.883574348800
1999-04-01,94.695109799500
1999-05-01,95.434024248200
1999-06-01,96.333691508200
1999-07-01,96.755660310200
1999-08-01,97.461085611100
1999-09-01,98.198607093400
1999-10-01,99.213203560100
1999-11-01,100.045249198700
1999-12-01,100.528286479800
2000-01-01,101.077268156300
2000-02-01,101.657995401400
2000-03-01,102.944144848800
2000-04-01,103.482366303600
2000-05-01,104.217188189800
2000-06-01,104.432562512100
2000-07-01,104.935764636500
2000-08-01,105.219809526300
2000-09-01,105.624383088600
2000-10-01,105.817148198500
2000-11-01,106.401228030300
2000-12-01,107.288857122100
2001-01-01,107.768685189500
2001-02-01,107.910240867700
2001-03-01,108.145494495000
2001-04-01,109.033793231000
2001-05-01,109.236887726000
2001-06-01,109.739844729800
2001-07-01,109.991259445500
2001-08-01,110.554288988500
2001-09-01,111.210941756200
2001-10-01,111.595494138200
2001-11-01,112.035964900000
2001-12-01,112.067971795300
2002-01-01,112.836311030500
2002-02-01,113.263959201300
2002-03-01,113.572841907300
2002-04-01,113.525318951700
2002-05-01,113.728909708200
2002-06-01,114.053634606100
2002-07-01,114.455320205900
2002-08-01,114.755351859800
2002-09-01,115.046259669500
2002-10-01,115.433817045500
2002-11-01,115.907675493600
2002-12-01,116.629694076700
2003-01-01,116.845583602500
2003-02-01,117.479596309800
2003-03-01,117.999216830500
2003-04-01,118.466671928100
2003-05-01,118.885188557500
2003-06-01,119.361020590200
2003-07-01,119.965289102600
2003-08-01,121.017153947300
2003-09-01,121.698575220800
2003-10-01,122.834700525400
2003-11-01,123.519949577400
2003-12-01,124.835050125500
2004-01-01,125.583250734100
2004-02-01,126.582288945300
2004-03-01,127.526125694900
2004-04-01,128.597203188000
2004-05-01,129.879831754500
2004-06-01,131.094686437300
2004-07-01,132.257421712300
2004-08-01,133.119652086400
2004-09-01,134.234170693500
2004-10-01,135.237000601400
2004-11-01,137.284694030500
2004-12-01,139.115223849700
2005-01-01,141.626535215100
2005-02-01,143.034607232500
2005-03-01,145.331974661900
2005-04-01,146.770416526100
2005-05-01,148.771523583500
2005-06-01,150.786778200000
2005-07-01,152.829816824300
2005-08-01,155.105637470600
2005-09-01,157.527379967000
2005-10-01,159.833497145200
2005-11-01,162.482694147900
2005-12-01,164.827353263600
2006-01-01,167.420120649200
2006-02-01,169.473889663600
2006-03-01,171.797655811600
2006-04-01,173.088902794800
2006-05-01,174.690136126600
2006-06-01,176.537306227700
2006-07-01,178.278334602000
2006-08-01,179.768650841800
2006-09-01,181.019672446100
2006-10-01,182.099983595700
2006-11-01,183.416627061600
2006-12-01,184.736178236000
2007-01-01,186.384306058300
2007-02-01,188.018230828300
2007-03-01,189.545797353000
2007-04-01,189.958135909900
2007-05-01,190.523881399200
2007-06-01,190.381252458700
2007-07-01,190.198647464200
2007-08-01,189.577254094200
2007-09-01,189.146501189600
2007-10-01,187.875385737300
2007-11-01,186.461020981900
2007-12-01,185.733185565900
2008-01-01,184.466285317100
2008-02-01,183.543383945800
2008-03-01,181.731220176900
2008-04-01,180.760509177200
2008-05-01,178.421274816700
2008-06-01,176.609761477500
2008-07-01,174.216741219400
2008-08-01,172.532705737800
2008-09-01,170.300475220000
2008-10-01,168.524093805000
2008-11-01,165.552167496300
2008-12-01,161.068403725500
2009-01-01,157.161933164500
2009-02-01,155.795075808600
2009-03-01,152.262491866400
2009-04-01,150.464425311700
2009-05-01,148.558467821300
2009-06-01,147.850372778600
2009-07-01,147.120175787300
2009-08-01,146.968547185700
2009-09-01,146.631366832200
2009-10-01,147.588003532400
2009-11-01,147.961932369600
2009-12-01,148.573262895300
2010-01-01,148.047176669500
2010-02-01,147.462382676800
2010-03-01,146.990098105100
2010-04-01,146.211404756600
2010-05-01,146.141814908300
2010-06-01,144.863210138400
2010-07-01,144.364813965200
2010-08-01,143.221030103900
2010-09-01,142.802057598400
2010-10-01,141.687630234500
2010-11-01,141.143754085300
2010-12-01,139.939099242500
2011-01-01,138.464828997400
2011-02-01,136.746563890700
2011-03-01,135.986211351400
2011-04-01,136.020637640700
2011-05-01,135.600608618400
2011-06-01,135.326012537200
2011-07-01,134.739516360500
2011-08-01,134.454509181500
2011-09-01,133.543981376400
2011-10-01,133.128538488200
2011-11-01,132.494350660100
2011-12-01,132.444433107400
2012-01-01,133.235330847700
2012-02-01,132.885782946300
2012-03-01,133.974689166100
2012-04-01,134.453521232300
2012-05-01,136.063505101500
2012-06-01,137.445263691800
2012-07-01,138.650769365500
2012-08-01,138.976746906000
2012-09-01,140.147093190300
2012-10-01,141.002942509100
2012-11-01,142.756644948500
2012-12-01,143.643712840300
2013-01-01,144.986764485000
2013-02-01,145.175328125600
2013-03-01,147.838170192100
2013-04-01,149.289045393000
2013-05-01,151.928445766400
2013-06-01,153.447815911900
2013-07-01,155.902762706500
2013-08-01,157.422718967500
2013-09-01,158.991205576300
2013-10-01,159.895491283100
2013-11-01,160.906128961600
2013-12-01,161.760327968800
2014-01-01,162.354734888600
2014-02-01,163.554009850800
2014-03-01,164.425835857000
2014-04-01,165.408851429500
2014-05-01,165.761351447400
2014-06-01,166.429896861400
2014-07-01,167.065872121400
2014-08-01,167.932817267600
2014-09-01,168.764393103700
2014-10-01,170.169755863800
2014-11-01,170.983977125600
2014-12-01,172.640865468800
2015-01-01,173.421429491500
2015-02-01,174.746350183400
2015-03-01,176.040226053200
2015-04-01,177.101513132600
2015-05-01,177.654077202600
2015-06-01,178.455083613000
2015-07-01,179.243156261900
2015-08-01,180.978691416300
2015-09-01,183.097021582900
2015-10-01,185.639683891700
2015-11-01,187.972802632400
2015-12-01,189.713960491200
2016-01-01,191.509840589600
2016-02-01,193.018347458900
2016-03-01,194.430752085200
2016-04-01,195.358513340900
2016-05-01,196.211956418800
2016-06-01,197.946463609400
2016-07-01,199.470583574100
2016-08-01,201.710752291500
2016-09-01,203.800118330100
2016-10-01,205.910192748200
2016-11-01,207.929239609600
2016-12-01,210.468871639600
2017-01-01,212.971158781600
2017-02-01,215.848508797200
2017-03-01,217.628249712900
2017-04-01,219.963795142300
2017-05-01,221.877321669100
2017-06-01,224.256273026400
2017-07-01,226.533540404700
2017-08-01,228.727285622800
2017-09-01,230.610968731800
2017-10-01,232.627322896700
2017-11-01,234.933377250200
2017-12-01,237.680786809500
2018-01-01,240.248861101000
2018-02-01,242.885201472700
2018-03-01,245.004489868100
2018-04-01,247.932073394400
2018-05-01,251.353836582900
2018-06-01,252.700567200500
2018-07-01,252.688810218000
2018-08-01,250.936988850100
2018-09-01,250.356598655400
2018-10-01,250.208013330500
2018-11-01,250.341805115400
2018-12-01,250.270470953800
2019-01-01,250.076660399400
2019-02-01,249.449429671100
2019-03-01,248.353367880800
2019-04-01,247.389331253100
2019-05-01,247.851713352200
2019-06-01,249.190613959600
2019-07-01,251.205331767500
2019-08-01,253.011958442200
2019-09-01,255.100781753300
2019-10-01,256.884717255200
2019-11-01,258.861460111500
2019-12-01,260.978919137100
2020-01-01,263.244992760800
2020-02-01,264.522219420600
2020-03-01,265.292471776200
2020-04-01,264.932212583500
2020-05-01,264.479604803800
2020-06-01,265.466709114400
2020-07-01,268.943765694800
2020-08-01,274.862045534400
2020-09-01,281.411718398100
2020-10-01,287.257252508700
2020-11-01,292.240497980100
2020-12-01,296.957684466200
2021-01-01,301.440753421300
2021-02-01,306.397400325000
2021-03-01,313.130219113200
2021-04-01,319.295088831100
2021-05-01,325.976771482200
2021-06-01,331.915526133700
2021-07-01,337.589879148500
2021-08-01,341.913281345900
2021-09-01,347.025599480400
2021-10-01,352.740203229900
2021-11-01,360.679615746200
2021-12-01,368.610427471500
2022-01-01,376.348457634400
2022-02-01,387.890212041600
2022-03-01,399.603706413400
2022-04-01,402.347318291500
2022-05-01,401.988579563500
2022-06-01,395.258857187900
2022-07-01,386.480121899900
2022-08-01,375.534961807100
2022-09-01,368.567881999700
2022-10-01,368.494183610400
2022-11-01,366.143228452300
2022-12-01,362.120070211600
2023-01-01,357.812478426400
2023-02-01,354.377133292200
2023-03-01,353.411233683300
2023-04-01,354.951687310600
2023-05-01,358.522156651700
2023-06-01,362.566033096600
2023-07-01,367.914181908900
2023-08-01,372.741050175600
2023-09-01,375.061469958400
2023-10-01,376.573809952500
2023-11-01,375.196244546600
2023-12-01,376.099848782600
2024-01-01,376.862843900300
2024-02-01,379.518865628000
2024-03-01,380.394612299100
2024-04-01,381.702201956000
2024-05-01,383.781487913400
2024-06-01,386.619993742600
2024-07-01,389.544314503000
2024-08-01,391.729609174800
2024-09-01,394.138470801600
2024-10-01,394.640705094000
2024-11-01,395.341345017100
2024-12-01,396.873830153300
2025-01-01,397.381960830700
2025-02-01,398.088050088700
2025-03-01,396.342468142400
2025-04-01,393.653806064100
2025-05-01,390.961239101900
2025-06-01,390.161952163800
2025-07-01,390.134830321200
2025-08-01,391.174185598400
2025-09-01,391.807889905600
2025-10-01,392.893277922700
2025-11-01,394.734196547600
2025-12-01,396.273223681000
2026-01-01,395.055682390800
2026-02-01,390.093466185700
2026-03-01,386.650212426500
2026-04-01,384.939102677700
2026-05-01,383.910201699100
2026-06-01,382.592344940800
